m,BRinv,Gh_SM,Ginv_per_lam2,LZ2024,Mdm,Mdm_ref,Mh,Omega,PandaX4T,XENON1T,Xf,lam_planck,n_iter,sSIn,sSIn_per_lam2,sSIp,sSIp_per_lam2,sigmaV
10.0,,0.0039441411726265,4.741938273734999,4.867832e-47,,10.0000701,,,4.443521e-46,5.410458e-46,,nan,4,,5.92253e-41,,5.782616000000001e-41,
11.103,,0.0039441410453632,4.7275495463679995,2.549657e-47,,11.1030631,,,3.121631e-46,3.295764e-46,,nan,4,,4.824377e-41,,4.709405999999999e-41,
12.328,,0.0039441409960935,4.709740039065,1.517321e-47,,12.3280568,,,2.180065e-46,2.15352e-46,,nan,4,,3.925224e-41,,3.8308919999999997e-41,
13.689,,0.0039441411221115,4.687678778884999,9.851887e-48,,13.6890512,,,1.545754e-46,1.488392e-46,,nan,4,,3.1900249999999994e-41,,3.112737e-41,
15.199,,0.0039441408068967,4.660361931033,6.946588e-48,,15.1990461,,,1.094347e-46,1.064456e-46,,nan,4,,2.590587e-41,,2.52733e-41,
16.876,,0.0039441408938258,4.626451061742,5.209176e-48,,16.8760415,,,8.387695e-47,8.017331e-47,,nan,2,,2.1019579999999998e-41,,2.0502429999999999e-41,
18.738,0.9925573,0.0039441414076833,4.584295923167,4.037626e-48,18.7392664,18.7380374,125.548349,0.12007629,6.443068e-47,6.378672e-47,21.45542,0.33872987589372977,4,1.955162e-42,1.7042479999999998e-41,1.906707e-42,1.662012e-41,2.099683e-26
20.806,0.9921085,0.0039441414176937,4.5317758230630005,3.270152e-48,20.8071138,20.8060337,125.548349,0.120073334,5.304691e-47,5.370101e-47,21.54701,0.3307830657808848,4,1.510691e-42,1.380812e-41,1.472987e-42,1.346349e-41,2.079781e-26
23.101,0.9915161,0.0039441411536554,4.466208463446,2.777405e-48,23.1019743,23.1010303,125.548349,0.120070422,4.923729e-47,4.751082e-47,21.64561,0.3212632639929248,4,1.154028e-42,1.118228e-41,1.125029e-42,1.090128e-41,2.059806e-26
25.65,0.9907008,0.003944140961384701,4.384000386153001,2.495425e-48,25.6508456,25.6500273,125.548349,0.120067261,4.535419e-47,4.385645e-47,21.74798,0.30959197479850165,4,8.674108e-43,9.050519e-42,8.454694e-43,8.821582999999998e-42,2.039284e-26
28.48,0.9895308,0.0039441412313059995,4.28048768694,2.336296e-48,28.480726,28.4800246,125.548349,0.120064138,4.170394e-47,4.193353e-47,21.83756,0.29511342601350216,4,6.376523e-43,7.321966e-42,6.214192e-43,7.135565999999999e-42,2.017534e-26
31.623,0.9876496,0.0039441413295099,4.149286704901,2.231851e-48,31.6236108,31.6230222,125.548349,0.121169694,3.959002e-47,4.146118e-47,21.9262,0.2757097348408907,3,4.500651e-43,5.920898e-42,4.385363e-43,5.769228999999999e-42,1.97426e-26
35.112,0.9847977,0.00394414134152352,3.9816265847647996,2.170534e-48,35.1125054,35.11202,125.548349,0.121103358,3.919214e-47,4.257109e-47,22.0284,0.25331806541665636,3,3.071409e-43,4.786495e-42,2.992258e-43,4.6631449999999994e-42,1.947286e-26
38.986,0.9797775,0.0039441407168328895,3.7646628316710995,2.160168e-48,38.9864049,38.986018,125.548349,0.121025783,3.871956e-47,4.402768e-47,22.10686,0.2252995743272316,3,1.963481e-43,3.8682519999999996e-42,1.912585e-43,3.767982e-42,1.912035e-26
43.288,0.9695955,0.00394414139077542,3.4785660922457997,2.180688e-48,43.2883077,43.2880162,125.548349,0.120927872,3.885571e-47,4.565669e-47,22.23593,0.19015328099858325,3,1.130025e-43,3.125263e-42,1.100567e-43,3.04379e-42,1.85721e-26
48.064,0.9417976,0.0039441413179171,3.089656820829,2.228768e-48,48.0642095,48.0640146,125.548349,0.120502265,3.919227e-47,4.882737e-47,22.65748,0.1437244156724698,4,5.214723e-44,2.5244899999999997e-42,5.078029e-44,2.4583159999999998e-42,1.698813e-26
52.0,0.5330853,0.00394414071125404,2.6907328874595997,2.293466e-48,52.0000551,52.0000135,125.548349,0.118862948,3.944907e-47,5.227519e-47,24.15422,0.04090918620344192,6,3.597762e-45,2.149767e-42,3.503072e-45,2.093187e-42,2.435179e-27
52.5,0.33383,0.00394414062791772,2.6332737208228,2.302876e-48,52.5000366,52.5000133,125.548349,0.119663433,3.948801e-47,5.272971e-47,24.18973,0.027396721018145862,8,1.582346e-45,2.108165e-42,1.540679e-45,2.052653e-42,1.19431e-27
53.0,0.2029939,0.0039441406756604595,2.5739632433954,2.312511e-48,53.0000261,53.0000132,125.548349,0.119761776,3.952845e-47,5.318394e-47,24.18493,0.01975540113655548,7,8.069915e-46,2.067747e-42,7.857316e-46,2.013273e-42,6.826334e-28
53.367,0.1406858,0.003944141286718701,2.5291771328130004,2.31972e-48,53.367021,53.3670131,125.548349,0.119257916,3.955822e-47,5.35165e-47,24.17532,0.015978495830175986,6,5.20533e-46,2.0388089999999998e-42,5.06815e-46,1.985079e-42,4.804263e-28
53.5,0.1292639,0.003944140819472,2.5126718052799997,2.32236e-48,53.50002,53.5000131,125.548349,0.120483207,3.956889e-47,5.363674e-47,24.1542,0.015265245654648141,5,4.726898e-46,2.0284709999999997e-42,4.60231e-46,1.975006e-42,4.506264e-28
54.0,0.07404639,0.00394414102961312,2.4492497038687997,2.332413e-48,54.0000147,54.000013,125.548349,0.119437176,3.960783e-47,5.4087e-47,24.13521,0.011347940250749465,6,2.563014e-46,1.990293e-42,2.495429e-46,1.9378099999999997e-42,2.770781e-28
54.5,0.0450019,0.00394414132090402,2.3835267909597997,2.342659e-48,54.5000114,54.5000129,125.548349,0.118899499,3.964379e-47,5.453363e-47,24.10206,0.008830399548722742,6,1.523005e-46,1.953173e-42,1.482826e-46,1.901645e-42,1.880043e-28
55.0,0.02780578,0.00394414125975312,2.3153074024688,2.353087e-48,55.0000089,55.0000127,125.548349,0.120551565,3.967496e-47,5.497555e-47,24.03948,0.00698011989186825,7,9.340378e-47,1.9170729999999996e-42,9.093849e-47,1.8664739999999997e-42,1.32685e-28
55.5,0.01607458,0.00394414064757692,2.2443635242307995,2.363688e-48,55.5000068,55.5000126,125.548349,0.119391395,3.969028e-47,5.541173e-47,24.00059,0.005358192195267805,6,5.403137e-47,1.881955e-42,5.260463e-47,1.8322609999999998e-42,8.910723e-29
56.0,0.01002012,0.0039441410950268796,2.1704290497312,2.374453e-48,56.0000054,56.0000125,125.548349,0.116953082,3.969186e-47,5.584115e-47,24.00461,0.004288708688285302,8,3.398637e-47,1.8477859999999998e-42,3.308853e-47,1.798971e-42,6.609285e-29
56.5,0.005899088,0.003944141357613401,2.093186423866,2.385373e-48,56.5000041,56.5000124,125.548349,0.119756084,3.968942e-47,5.626283e-47,23.91889,0.00334386963975173,6,2.02891e-47,1.81453e-42,1.975288e-47,1.7665730000000002e-42,4.684258e-29
57.0,0.003610169,0.00394414056583284,2.0122543416716,2.396439e-48,57.0000033,57.0000123,125.548349,0.119600719,3.969265e-47,5.667803e-47,23.85196,0.002664917373564626,6,1.265649e-47,1.7821559999999998e-42,1.232184e-47,1.735034e-42,3.516247e-29
57.5,0.002296407,0.00394414110490686,1.9271689509314,2.407642e-48,57.5000026,57.5000122,125.548349,0.120966737,3.971126e-47,5.709302e-47,23.77062,0.002170400102205294,5,8.246597e-48,1.750633e-42,8.028454e-48,1.7043239999999998e-42,2.801029e-29
58.0,0.001343211,0.00394414077182416,1.8373522817584,2.418975e-48,58.0000021,58.0000121,125.548349,0.119096897,3.975496e-47,5.750824e-47,23.70142,0.0016991972507750038,4,4.96591e-48,1.7199309999999998e-42,4.834493e-48,1.6744149999999998e-42,2.101531e-29
58.5,0.0008142102,0.0039441406440956,1.742073559044,2.430431e-48,58.5000016,58.500012,125.548349,0.120199186,3.983324e-47,5.792363e-47,23.60049,0.001358275457314678,4,3.117946e-48,1.690023e-42,3.035398e-48,1.64528e-42,1.682211e-29
59.0,0.0005044755,0.00394414093255623,1.6403806744376999,2.442e-48,59.0000013,59.0000119,125.548349,0.119356395,3.994036e-47,5.833918e-47,23.49409,0.0011016234951198164,2,2.015604e-48,1.6608819999999998e-42,1.962219e-48,1.6168919999999998e-42,1.426548e-29
59.255,0.000390501,0.003944140638887181,1.5856536111282,2.447943e-48,59.2550012,59.2550118,125.548349,0.119572524,4.000331e-47,5.855116e-47,23.44191,0.0009857518957628233,2,1.599728e-48,1.646307e-42,1.557348e-48,1.6026929999999998e-42,1.317844e-29
59.5,0.0003063041,0.00394414132125627,1.5309967874372998,2.453677e-48,59.500001,59.5000118,125.548349,0.11922673,4.006895e-47,5.875485e-47,23.36163,0.0008884473226837883,3,1.288581e-48,1.632481e-42,1.254437e-48,1.5892249999999997e-42,1.240774e-29
60.0,0.0001815196,0.00394414147699455,1.4121352300544998,2.465455e-48,60.0000008,60.0000117,125.548349,0.119874053,4.021821e-47,5.917062e-47,23.24741,0.0007120965700953015,4,8.137629e-49,1.604796e-42,7.921917e-49,1.562257e-42,1.118793e-29
60.5,0.000106642,0.0039441409442001,1.281160557999,2.477326e-48,60.5000007,60.5000116,125.548349,0.119054127,4.03873e-47,5.958646e-47,23.08863,0.0005730087361214757,3,5.180547e-49,1.577804e-42,5.043165e-49,1.535962e-42,1.087632e-29
61.0,0.0,0.00394414062173978,1.1338837826022,2.489283e-48,61.0000005,61.0000115,125.548349,0.119911239,4.05754e-47,6.000234e-47,22.86838,0.0004577033915339062,4,3.250234e-49,1.5514799999999998e-42,3.164008e-49,1.5103209999999998e-42,1.151951e-29
61.5,0.0,0.003944140749419779,0.9628525058021998,2.501322e-48,61.5000004,61.5000114,125.548349,0.119284341,4.07817e-47,6.041824e-47,22.59811,0.0003661207727028614,3,2.045256e-49,1.5258039999999998e-42,1.990976e-49,1.48531e-42,1.445796e-29
62.0,0.0,0.00394414094834368,0.7520305165632,2.513434e-48,62.0000003,62.0000113,125.548349,0.11962554,4.100538e-47,6.083413e-47,22.19687,0.0002870882390549209,3,1.236918e-49,1.500755e-42,1.204077e-49,1.46091e-42,2.439813e-29
62.5,0.0,0.00394414127790624,0.4484272209376,2.525616e-48,62.5000002,62.5000112,125.548349,0.119882378,4.124958e-47,6.124997e-47,21.39357,0.00021747304305810622,3,6.982151e-50,1.4763119999999998e-42,6.7967e-50,1.4371e-42,1.132684e-28
63.0,0.0,0.003944141,0.0,2.53786e-48,63.0000069,63.0000111,125.548349,0.120109598,4.152483e-47,6.166576e-47,21.27595,0.0062015014298661885,3,5.585948e-47,1.452457e-42,5.437524e-47,1.4138629999999999e-42,1.379392e-25
63.5,0.0,0.003944141,0.0,2.55016e-48,63.5000147,63.500011,125.548349,0.12035429,4.182555e-47,6.208147e-47,21.73857,0.013305192986287679,3,2.530032e-46,1.429169e-42,2.462781e-46,1.39118e-42,6.256493e-26
64.0,0.0,0.003944141,0.0,2.562513e-48,64.0000211,64.0000109,125.548349,0.120577897,4.214477e-47,6.249706e-47,21.93479,0.01926140365497783,3,5.217888e-46,1.4064329999999999e-42,5.079138e-46,1.369034e-42,4.686682e-26
64.5,0.0,0.003944141,0.0,2.574911e-48,64.5000268,64.5000109,125.548349,0.120771704,4.247551e-47,6.291252e-47,22.01374,0.02469892214841135,3,8.444307e-46,1.38423e-42,8.219679e-46,1.3474079999999999e-42,3.970273e-26
65.0,0.0,0.003944141,0.0,2.587351e-48,65.0000321,65.0000108,125.548349,0.120947365,4.281081e-47,6.332783e-47,22.10134,0.029788531083325315,3,1.209062e-45,1.3625439999999999e-42,1.176887e-45,1.326285e-42,3.551583e-26
65.5,0.0,0.003944141,0.0,2.599827e-48,65.500037,65.5000107,125.548349,0.12109125,4.314369e-47,6.374296e-47,22.16698,0.03459826455136799,3,1.605659e-45,1.341359e-42,1.562915e-45,1.305651e-42,3.273267e-26
65.793,0.0,0.003944141,0.0,2.607152e-48,65.7930399,65.7930106,125.548349,0.119992085,4.333485e-47,6.398613e-47,22.20953,0.03749057369225745,4,1.868207e-45,1.329172e-42,1.818463e-45,1.293781e-42,3.181297e-26
66.0,0.0,0.003944141,0.0,2.612333e-48,66.0000418,66.0000106,125.548349,0.120045736,4.346719e-47,6.415789e-47,22.22993,0.03935696882425127,4,2.045663e-45,1.320661e-42,1.991186e-45,1.285491e-42,3.104547e-26
66.5,0.0,0.003944141,0.0,2.624866e-48,66.5000461,66.5000105,125.548349,0.120051404,4.377842e-47,6.45726e-47,22.28881,0.04374837436363685,4,2.488923e-45,1.300433e-42,2.422618e-45,1.2657899999999999e-42,2.957117e-26
67.0,0.0,0.003944141,0.0,2.637421e-48,67.0000501,67.0000105,125.548349,0.12005849,4.408814e-47,6.498706e-47,22.31722,0.04787194679107438,4,2.934922e-45,1.2806629999999999e-42,2.856707e-45,1.246534e-42,2.835847e-26
67.5,0.0,0.003944141,0.0,2.649993e-48,67.5000537,67.5000104,125.548349,0.120062887,4.439754e-47,6.540126e-47,22.32999,0.051744386587817104,4,3.3772e-45,1.261336e-42,3.287167e-45,1.22771e-42,2.734356e-26
68.0,0.0,0.003944141,0.0,2.662577e-48,68.0000569,68.0000103,125.548349,0.120911762,4.470665e-47,6.581518e-47,22.35437,0.055192859969987663,2,3.78478e-45,1.24244e-42,3.683846e-45,1.209306e-42,2.631126e-26
68.5,0.0,0.003944141,0.0,2.675171e-48,68.5000601,68.5000102,125.548349,0.120051786,4.501551e-47,6.622879e-47,22.39486,0.05879963527498063,3,4.231715e-45,1.2239619999999999e-42,4.118823e-45,1.191309e-42,2.577577e-26
69.0,0.0,0.003944141,0.0,2.687768e-48,69.0000629,69.0000102,125.548349,0.120085041,4.532417e-47,6.664209e-47,22.44056,0.06194018278278514,3,4.626489e-45,1.2058889999999998e-42,4.503023e-45,1.1737069999999999e-42,2.511966e-26
69.5,0.0,0.003944141,0.0,2.700365e-48,69.5000653,69.5000101,125.548349,0.120108643,4.563267e-47,6.705503e-47,22.45267,0.06482146704369955,3,4.992639e-45,1.1882099999999998e-42,4.859356e-45,1.1564889999999998e-42,2.452591e-26
70.0,0.0,0.003944141,0.0,2.712959e-48,70.0000675,70.00001,125.548349,0.120130311,4.594104e-47,6.746762e-47,22.4867,0.06743219476663194,3,5.324253e-45,1.170913e-42,5.182069e-45,1.139644e-42,2.397589e-26
72.0,0.0,0.003944141,0.0,2.763219e-48,72.0000729,72.0000097,125.548349,0.120233153,4.717365e-47,6.911385e-47,22.62981,0.07493916409608128,3,6.207453e-45,1.1053420000000001e-42,6.041464e-45,1.075784e-42,2.195494e-26
73.053,0.0,0.003944141,0.0,2.789552e-48,73.0530736,73.0530096,125.548349,0.120254427,4.782168e-47,6.99772e-47,22.71587,0.07676875988595659,3,6.323598e-45,1.0729909999999998e-42,6.154388e-45,1.0442789999999999e-42,2.084875e-26
74.0,0.0,0.003944141,0.0,2.813123e-48,74.0000729,74.0000095,125.548349,0.120278308,4.840355e-47,7.075168e-47,22.78272,0.07699919699470231,3,6.196164e-45,1.0450839999999999e-42,6.030264e-45,1.0171019999999999e-42,1.97472e-26
76.0,0.0,0.003944141,0.0,2.862458e-48,76.0000671,76.0000092,125.548349,0.120362941,4.962768e-47,7.238215e-47,22.93867,0.07280872671851116,3,5.245887e-45,9.895842999999999e-43,5.105258e-45,9.630558999999999e-43,1.701899e-26
78.0,0.0,0.003944141,0.0,2.911031e-48,78.0000555,78.000009,125.548349,0.120191919,5.084532e-47,7.400708e-47,23.05589,0.061808851996037556,3,3.58483e-45,9.383560999999999e-43,3.488614e-45,9.13171e-43,1.372483e-26
80.0,0.0,0.003944141,0.0,2.958664e-48,80.0000418,80.0000088,125.548349,0.11930661,5.206727e-47,7.562816e-47,22.95608,0.047772184637087725,2,2.033363e-45,8.909741999999999e-43,1.978725e-45,8.670330999999999e-43,1.223067e-26
81.113,0.0,0.003944141,0.0,2.98471e-48,81.1130356,81.1130086,125.548349,0.11987443,5.275277e-47,7.652922e-47,22.86977,0.04125402667768989,3,1.474065e-45,8.66132e-43,1.43443e-45,8.428438000000001e-43,1.426934e-26
82.0,0.0,0.003944141,0.0,3.005451e-48,82.0000328,82.0000085,125.548349,0.11984734,5.33009e-47,7.724699e-47,22.82306,0.03834601310732157,3,1.24452e-45,8.46373e-43,1.211024e-45,8.235927e-43,1.676929e-26
84.0,0.0,0.003944141,0.0,3.05271e-48,84.0000299,84.0000083,125.548349,0.119830274,5.453593e-47,7.886506e-47,22.79087,0.03582562487440752,3,1.034062e-45,8.056735e-43,1.0062e-45,7.839656e-43,1.934999e-26
86.0,0.0,0.003944141,0.0,3.100614e-48,86.0000284,86.0000081,125.548349,0.119825367,5.575952e-47,8.048376e-47,22.80197,0.03492212584249705,3,9.363953e-46,7.678176e-43,9.111392e-46,7.471084e-43,2.16273e-26
88.0,0.0,0.003944141,0.0,3.149117e-48,88.0000278,88.000008,125.548349,0.119821562,5.697317e-47,8.210442e-47,22.81333,0.03490075301258307,3,8.922885e-46,7.325477e-43,8.68198e-46,7.127699e-43,2.147115e-26
90.0,0.0,0.003944141,0.0,3.198177e-48,90.000027,90.0000078,125.548349,0.119827455,5.818556e-47,8.372828e-47,22.81772,0.03471955058553326,3,8.433719e-46,6.996343999999999e-43,8.205799e-46,6.807267999999999e-43,2.093233e-26
90.063,0.0,0.003944141,0.0,3.199732e-48,90.063027,90.0630078,125.548349,0.119826931,5.822383e-47,8.377949e-47,22.81833,0.03470577316274796,3,8.414973e-46,6.986336e-43,8.187552e-46,6.797524999999999e-43,2.09143e-26
100.0,0.0,0.003944141,0.0,3.450611e-48,100.000025,100.000007,125.548349,0.119852067,6.411384e-47,9.19328e-47,22.89475,0.036002888416712585,3,7.310139e-46,5.639636e-43,7.111691e-46,5.4865379999999994e-43,2.193727e-26
111.034,0.0,0.003944141,0.0,3.739753e-48,111.034025,111.034006,125.548349,0.119902392,6.933237e-47,1.011574e-46,22.98272,0.04022410836087747,3,7.365394e-46,4.55222e-43,7.16457e-46,4.4281e-43,2.168481e-26
120.0,0.0,0.003944141,0.0,3.980398e-48,120.000025,120.000006,125.548349,0.119927431,7.331263e-47,1.08732e-46,23.09134,0.04344297220286008,3,7.328748e-46,3.88321e-43,7.128286e-46,3.776993e-43,2.130089e-26
123.285,0.0,0.003944141,0.0,4.0695e-48,123.285025,123.285006,125.548349,0.11990663,7.473348e-47,1.115165e-46,23.15112,0.04383820109730462,3,7.061324e-46,3.674352e-43,6.867965e-46,3.573738e-43,2.047109e-26
125.0,0.0,0.003944141,0.0,4.116178e-48,125.000024,125.000006,125.548349,0.119857031,7.548195e-47,1.129712e-46,23.17302,0.04318421518990948,3,6.661139e-46,3.571894e-43,6.478636e-46,3.4740309999999994e-43,1.929281e-26
130.0,0.0,0.003944141,0.0,4.252804e-48,130.000023,130.000005,125.548349,0.119734421,7.766377e-47,1.172138e-46,23.16296,0.04178628562919904,3,5.755665e-46,3.296311e-43,5.597723e-46,3.2058559999999995e-43,2.07886e-26
136.887,0.0,0.003944141,0.0,4.442011e-48,136.887022,136.887005,125.548349,0.119754778,8.057135e-47,1.230614e-46,23.19719,0.0427117291738462,3,5.410342e-46,2.9657219999999996e-43,5.26157e-46,2.8841719999999998e-43,2.1142e-26
151.991,0.0,0.003944141,0.0,4.859078e-48,151.991021,151.991005,125.548349,0.119895976,8.715199e-47,1.361691e-46,23.2887,0.04647998844355381,3,5.171268e-46,2.393674e-43,5.028486e-46,2.327584e-43,2.134883e-26
168.761,0.0,0.003944141,0.0,5.321685e-48,168.761021,168.761004,125.548349,0.120446103,9.586538e-47,1.505955e-46,23.39109,0.051256158166604726,2,5.075649e-46,1.9319659999999997e-43,4.934944e-46,1.8784089999999997e-43,2.131127e-26
170.0,0.0,0.003944141,0.0,5.355728e-48,170.000021,170.000004,125.548349,0.120557636,9.652709e-47,1.516328e-46,23.40185,0.05158272946603996,2,5.064116e-46,1.903247e-43,4.923692e-46,1.850471e-43,2.12777e-26
175.0,0.0,0.003944141,0.0,5.49282e-48,175.000021,175.000004,125.548349,0.120934361,9.921266e-47,1.557593e-46,23.41208,0.0527430242227981,2,4.980042e-46,1.7902059999999999e-43,4.84163e-46,1.74045e-43,2.109267e-26
180.0,0.0,0.003944141,0.0,5.629384e-48,180.000021,180.000004,125.548349,0.120087178,1.018748e-46,1.597708e-46,23.46304,0.05400183070080911,3,4.909082e-46,1.683385e-43,4.772158e-46,1.636432e-43,2.123322e-26
187.382,0.0,0.003944141,0.0,5.830328e-48,187.382021,187.382004,125.548349,0.120110551,1.057232e-46,1.654438e-46,23.4944,0.05553395937589483,3,4.76031e-46,1.5435409999999998e-43,4.626955e-46,1.5003e-43,2.126054e-26
208.057,0.0,0.003944141,0.0,6.402745e-48,208.05702,208.057003,125.548349,0.120167563,1.165544e-46,1.805163e-46,23.61645,0.060249850626094226,3,4.486535e-46,1.235945e-43,4.359716e-46,1.201009e-43,2.138643e-26
231.013,0.0,0.003944141,0.0,7.053717e-48,231.01302,231.013003,125.548349,0.120224764,1.284824e-46,1.976895e-46,23.71825,0.06622653397503084,3,4.350686e-46,9.919591e-44,4.226794e-46,9.637117e-44,2.150044e-26
256.502,0.0,0.003944141,0.0,7.790782e-48,256.50202,256.502003,125.548349,0.120281941,1.410224e-46,2.1867e-46,23.78618,0.0734541141436398,3,4.298775e-46,7.967323999999999e-44,4.17552e-46,7.738885e-44,2.158981e-26
284.804,0.0,0.003944141,0.0,8.621603e-48,284.80402,284.804002,125.548349,0.12034548,1.525999e-46,2.432127e-46,23.90916,0.08190083930175011,3,4.293608e-46,6.40097e-44,4.169686e-46,6.216224e-44,2.165913e-26
316.228,0.0,0.003944141,0.0,9.553644e-48,316.22802,316.228002,125.548349,0.120394599,1.651895e-46,2.706309e-46,24.02878,0.09156691372317345,3,4.312402e-46,5.143304e-44,4.18713e-46,4.993895e-44,2.171474e-26
351.119,0.0,0.003944141,0.0,1.059392e-47,351.11902,351.119002,125.548349,0.120433651,1.791703e-46,3.007258e-46,24.14611,0.10247515764213848,3,4.340336e-46,4.1331979999999997e-44,4.21345e-46,4.012367e-44,2.175704e-26
389.86,0.0,0.003944141,0.0,1.174855e-47,389.860021,389.860002,125.548349,0.120494897,1.938353e-46,3.342819e-46,24.25608,0.11467703858304526,3,4.368444e-46,3.321803e-44,4.239938e-46,3.2240859999999997e-44,2.178649e-26
432.876,0.0,0.003944141,0.0,1.302216e-47,432.876021,432.876002,125.548349,0.120543059,2.135636e-46,3.71033e-46,24.36053,0.12826527872372295,3,4.392612e-46,2.669959e-44,4.262601e-46,2.5909349999999996e-44,2.180879e-26
480.638,0.0,0.003944141,0.0,1.441733e-47,480.638021,480.638001,125.548349,0.120588925,2.376448e-46,4.100263e-46,24.45922,0.14333978357197635,3,4.409747e-46,2.1462489999999997e-44,4.278441e-46,2.082342e-44,2.182238e-26
533.67,0.0,0.003944141,0.0,1.594008e-47,533.670021,533.670001,125.548349,0.120635821,2.645689e-46,4.5191e-46,24.56793,0.16002680523097257,3,4.418609e-46,1.725441e-44,4.286258e-46,1.673759e-44,2.182695e-26
592.553,0.0,0.003944141,0.0,1.761518e-47,592.553021,592.553001,125.548349,0.120679248,2.943135e-46,5.014488e-46,24.65053,0.1784802173878863,3,4.419219e-46,1.3872839999999998e-44,4.286077e-46,1.345488e-44,2.182347e-26
657.933,0.0,0.003944141,0.0,1.946156e-47,657.933021,657.933001,125.548349,0.120721464,3.275323e-46,5.625777e-46,24.77209,0.1988735179850255,3,4.411936e-46,1.115515e-44,4.27825e-46,1.0817139999999999e-44,2.18117e-26
730.527,0.0,0.003944141,0.0,2.149997e-47,730.527021,730.527001,125.548349,0.120801173,3.639896e-46,6.286256e-46,24.8441,0.2214070815141658,3,4.397569e-46,8.970767999999999e-45,4.263565e-46,8.69741e-45,2.179209e-26
811.131,0.0,0.003944141,0.0,2.375438e-47,811.131021,811.131001,125.548349,0.120809988,4.055095e-46,6.976828e-46,24.95815,0.24634713550211956,3,4.378479e-46,7.214864999999999e-45,4.244315e-46,6.993791e-45,2.177219e-26
900.628,0.0,0.003944141,0.0,2.625249e-47,900.628021,900.628001,125.548349,0.12084968,4.511405e-46,7.7013e-46,25.03707,0.2738843129553265,3,4.353174e-46,5.803256e-45,4.219056e-46,5.624462e-45,2.174045e-26
1000.0,0.0,0.003944141,0.0,2.902651e-47,1000.00002,1000.0,125.548349,0.120887883,5.020351e-46,8.454941e-46,25.12907,0.30434331291946437,3,4.324008e-46,4.668303e-45,4.190071e-46,4.523701e-45,2.170457e-26
